{ 
    "_id" : ObjectId("5cf557c605a5ed0fd53a6945"), 
    "referencia" : "meses", 
    "labels" : [
        "Janeiro", 
        "Fevereiro", 
        "Março", 
        "Abril"
    ], 
    "datasets" : [
        {
            "label" : "2016", 
            "data" : [
                100.0, 
                290.0, 
                110.0, 
                350.0
            ]
        }, 
        {
            "label" : "2017", 
            "data" : [
                220.0, 
                111.0, 
                206.0, 
                151.0
            ]
        }, 
        {
            "label" : "2018", 
            "data" : [
                120.0, 
                190.0, 
                300.0, 
                250.0
            ]
        }, 
        {
            "label" : "2019", 
            "data" : [
                190.0, 
                300.0, 
                130.0, 
                105.0
            ]
        }
    ]
}
{ 
    "_id" : ObjectId("5cf55fe105a5ed17f86eac6e"), 
    "labels" : [
        "Java", 
        "C++", 
        "Python", 
        "Ruby"
    ], 
    "datasets" : [
        {
            "label" : "Linguagens Mais Utilizadas", 
            "data" : [
                5000.0, 
                2540.0, 
                4750.0, 
                6201.0
            ]
        }
    ], 
    "referencia" : "linguagens"
}
